{
  "caliper": {  
    "blockchain": "iroha",
    "command" : {
      "start": "docker-compose -f networks/iroha/simplenetwork/docker-compose.yml up -d",
      "end" : "docker-compose -f networks/iroha/simplenetwork/docker-compose.yml down"
    }
  },
  "iroha": {
    "admin" :{
      "account":"admin",
      "domain" : "test",
      "key-pub":"networks/iroha/simplenetwork/admin@test.pub",
      "key-priv":"networks/iroha/simplenetwork/admin@test.priv"
    },
    "network": {
      "node0": {
        "torii": "localhost:50051"
      },
      "node1": {
        "torii": "localhost:50052"
      }
    },
    "fakecontract": [
      {"factory": "src/iroha/scenario/simple/factory.js", "id":["simple"]}
    ]
  },
  "info" : {
    "Version": "1.0.0_rc5",
    "Size": "2 Peers",
    "Distribution": "Single Host"
  }
}