{
    "caliper": {
        "blockchain": "ethereum",
        "command": {
            "start": "docker-compose -f networks/besu/1node-clique/docker-compose.yml up -d && sleep 30",
            "end": "docker-compose -f networks/besu/1node-clique/docker-compose.yml down"
        }
    },
    "ethereum": {
        "url": "http://localhost:8545",
        "contractDeployerAddress": "0xD1cf9D73a91DE6630c2bb068Ba5fDdF9F0DEac09",
        "contractDeployerAddressPrivateKey": "0x797c13f7235c627f6bd013dc17fff4c12213ab49abcf091f77c83f16db10e90b",
        "fromAddressSeed": "0x3f841bf589fdf83a521e55d51afddc34fa65351161eead24f064855fc29c9580",
        "transactionConfirmationBlocks": 2,
        "contracts": {
            "simple": {
                "path": "src/besu/simple/simple.json",
                "gas": {
                    "open": 45000,
                    "query": 100000,
                    "transfer": 70000
                }
            }
        }
    }
}
