{
  "caliper" : {
    "blockchain": "burrow",
    "command" : {
      "start": "docker-compose -f networks/burrow/simple/docker-compose.yml up -d && sleep 10",
      "end" : "docker-compose -f networks/burrow/simple/docker-compose.yml down"
    }
  },
  "burrow": {
    "network": {
      "validator": {
        "host": "localhost",
        "port": "10997",
        "address": "networks/burrow/simple/chain/.keys/names/Full_0"
      }
    }
  },
  "contract": { "path": "src/burrow/scenario/simple/simple.bin" },
  "info" : {
    "Version": "develop",
    "Size": "2 Peers",
    "Distribution": "Single Host"
  }
}
