{
  "caliper": {
    "blockchain": "sawtooth",
    "command" : {
          "start": "docker-compose -f networks/sawtooth/smallbank/sawtooth-smallbank-go.yaml up -d",
          "end" : "docker-compose -f networks/sawtooth/smallbank/sawtooth-smallbank-go.yaml down;(test -z \"$(docker ps -aq)\") || docker rm $(docker ps -aq)"
    }
  },
  "sawtooth": {
    "batchBuilders": {
      "smallbank": {
        "1.0": "src/sawtooth/smallbank/SmallBankBatchBuilder.js"
      }
    },
    "network": {
      "restapi": {
        "urls": ["http://127.0.0.1:8008"]
      },
      "validator": {
        "url": "tcp://127.0.0.1:4004"
      }
    }
  }
}
