{
    "caliper": {
        "blockchain": "ethereum",
        "command" : {
            "start": "docker-compose -f networks/ethereum/1node/docker-compose.yml up -d && sleep 3",
            "end" : "docker-compose -f networks/ethereum/1node/docker-compose.yml down"
          }
    },
    "ethereum": {
        "url": "http://localhost:8545",
        "contractDeployerAddress": "0xc0A8e4D217eB85b812aeb1226fAb6F588943C2C2",
        "contractDeployerAddressPassword": "password",
        "fromAddress": "0xc0A8e4D217eB85b812aeb1226fAb6F588943C2C2",
        "fromAddressPassword": "password",
        "transactionConfirmationBlocks": 2,
        "contracts": {
            "simple": {
                "path": "src/ethereum/simple/simple.json"
            }
        }
    }
}